First Name,Last Name,Email,Phone,Gender,Age,Job Title,Years Of Experience,Salary,Department
Wesley,Turner,jferrell@example.org,773-299-0177,male,25,Project Manager,1,8500,Product
Shannon,Dougherty,diazcharles@example.com,(480)911-2383,female,26,Machine Learning Engineer,2,7000,Product
Justin,Patrick,jason23@example.net,563.938.8713,male,37,Project Manager,14,17000,Product
Christina,Peters,melissa54@example.net,(311)411-6406x83332,female,31,Web Developer,8,10000,Product
Rachel,Harrington,darnold@example.net,(493)567-3000x564,male,35,Project Manager,11,14500,Product
Douglas,Moore,alambert@example.net,832.939.6815,male,28,Project Manager,3,10500,Product
Morgan,Fields,mhicks@example.net,952-716-7255x24897,female,33,Machine Learning Engineer,10,11000,Product
Jerry,Lawson,kharrison@example.org,(943)531-7486x47586,male,33,Mobile Developer,10,11000,Product
Robert,Stewart,barrettmelanie@example.net,952-668-7358x438,female,34,Web Developer,10,11000,Product
Nicole,Snyder,simsdavid@example.com,832-975-3874,female,41,Web Developer,15,14500,Product
Katherine,Aguilar,leecaroline@example.com,(683)595-5262x316,female,37,Web Developer,14,14000,Product
Michelle,Johnson,wheelermicheal@example.net,699.779.8843,male,36,DevOps Engineer,12,15000,Product
Jared,Dickerson,wjones@example.org,001-629-504-8081x37553,male,28,Machine Learning Engineer,4,10000,Product
Joseph,Rodriguez,fconley@example.net,950.691.4043,male,40,Machine Learning Engineer,14,14000,Product
Kari,Carter,brucepratt@example.net,001-922-220-5718,female,32,Project Manager,8,12000,Product
Richard,Chambers,sturner@example.org,(823)425-8179x8862,male,29,Web Developer,5,7500,Product
Karina,Michael,john97@example.net,290.688.5180x08730,female,26,Designer,4,10000,Product
Laura,Hall,gerald62@example.com,473-701-5846x5907,male,28,Mobile Developer,3,6500,Product
John,Sanchez,falvarez@example.com,(752)391-6132x8063,male,31,Tester,6,9000,Product
Samantha,Sandoval,sallen@example.org,(216)938-1458x627,female,31,Designer,5,10500,Product
Lonnie,Scott,cartercarlos@example.net,230-630-4225x967,female,32,Machine Learning Engineer,6,11000,Product
Margaret,Mcconnell,marywilliams@example.com,326.959.9661x850,male,29,Tester,5,9500,Product
Brandy,Lester,wgonzales@example.org,+1-430-649-1115,female,26,Designer,2,7000,Product
Stacy,Brown,dustin74@example.net,001-475-370-4031x98397,female,34,DevOps Engineer,11,12500,Product
Derek,Sanchez,nicholschloe@example.net,+1-690-481-6749,female,36,Machine Learning Engineer,10,13000,Product
Lisa,Singh,richardmayo@example.net,(498)419-6885,male,33,Tester,9,9500,Product
Barbara,Hernandez,pattersonmichelle@example.net,(873)628-4369,female,37,HR Manager,14,14000,Human Resource
Patricia,Moore,deleondebra@example.com,644.337.1739x36888,male,28,DevOps Engineer,3,9500,Product
Anne,Brooks,mindyjohnson@example.net,(673)770-8636x5174,male,25,Designer,2,7000,Product
Nicole,Coleman,natashalee@example.net,980.212.2186,male,31,Machine Learning Engineer,8,10000,Product
Jeremy,Colon,osbornkayla@example.com,956.764.7329x295,female,31,Web Developer,7,8500,Product
Travis,Long,brownmichael@example.com,+1-499-975-8417x11411,female,34,HR Manager,10,10000,Human Resource
Marcus,Morrison,patrickadams@example.org,202-886-5950,female,25,DevOps Engineer,3,8500,Product
Rachel,Robertson,xdean@example.org,+1-246-680-0870x4344,male,24,Tester,2,7000,Product
Joseph,Watkins,gonzalezjohn@example.net,001-977-253-9476x079,female,27,Designer,4,9000,Product
Jennifer,Hansen,awright@example.com,001-582-305-7079,female,29,DevOps Engineer,6,11000,Product
Judith,Meyer,lmarshall@example.net,(383)954-1009x507,male,28,Machine Learning Engineer,4,7000,Product
Jill,Mckinney,hharrell@example.org,683-416-0373x439,female,30,Tester,5,9500,Product
Elizabeth,Booth,burtonphilip@example.org,(360)890-8697x440,female,24,Machine Learning Engineer,2,6000,Product
Michael,Robertson,kristinwatson@example.org,001-352-476-9752,male,29,Designer,5,8500,Product
Paul,Perkins,njacobson@example.org,4447729957,male,30,Web Developer,4,8000,Product
Stephanie,Dyer,steven58@example.com,(203)260-4328x838,male,35,Web Developer,11,10500,Product
Holly,Phillips,tiffany89@example.net,994.982.9426x63669,female,35,DevOps Engineer,13,15500,Product
Mark,Espinoza,kristen07@example.com,+1-512-968-5368x051,male,35,HR Manager,11,12500,Human Resource
Beth,Flores,robert54@example.com,001-666-655-8064x030,male,33,Machine Learning Engineer,9,11500,Product
Stephen,Swanson,kelly59@example.net,(225)966-7788,male,34,HR Manager,10,10000,Human Resource
Anthony,Willis,hugheskayla@example.org,(303)647-6016x2166,male,23,Designer,1,6500,Product
Phillip,Herrera,leepatrick@example.com,286.630.4782x943,male,28,DevOps Engineer,5,9500,Product
Paul,Walker,margaret31@example.org,493.246.9490,male,35,Mobile Developer,11,11500,Product
Mathew,Newton,tammiewarren@example.org,465-936-6395,female,33,HR Manager,7,9500,Human Resource
Ryan,Green,jenkinsmonique@example.org,6347558737,male,29,Designer,3,6500,Product
Carolyn,Smith,kmiller@example.net,+1-478-375-7796x82360,male,25,Mobile Developer,1,5500,Product
Melissa,Griffin,wintersryan@example.com,322-236-7747,male,39,Designer,14,15000,Product
Monica,Sanchez,brandon07@example.org,971-886-1717,female,32,Machine Learning Engineer,7,10500,Product
Amy,Griffin,masseycolleen@example.com,001-611-370-6557x6321,female,38,Mobile Developer,15,13500,Product
Corey,Williams,valeriestephens@example.com,207.534.1531,female,35,Mobile Developer,12,12000,Product
Morgan,Bradley,crystal84@example.org,001-453-242-6237,female,40,Tester,15,13500,Product
Joel,Pugh,sconner@example.org,(730)467-9951x429,female,34,DevOps Engineer,9,13500,Product
Kelsey,King,vharris@example.net,(575)402-2728x3521,male,23,Web Developer,1,7500,Product
Lori,Coleman,mitchellmolly@example.com,351-884-8057x15172,male,40,DevOps Engineer,15,16500,Product
Cindy,Frederick,gina89@example.com,+1-979-218-3919x6413,female,36,Web Developer,13,13500,Product
Nicole,Brooks,hmoore@example.com,537.310.6951x08214,female,31,HR Manager,7,9500,Human Resource
Joel,Dickson,danielmelissa@example.net,(254)491-5561,female,28,Web Developer,6,9000,Product
Alan,Fleming,robert06@example.net,001-539-561-7886x73934,female,36,Tester,14,14000,Product
Thomas,Mckee,vmartin@example.com,+1-233-353-0560x93594,female,34,DevOps Engineer,10,12000,Product
Kevin,Nguyen,andrewharris@example.org,(327)492-2036x82407,female,40,Web Developer,15,13500,Product
Allen,George,brad19@example.com,(757)655-8607x3530,male,26,Mobile Developer,1,7500,Product
Elizabeth,Rodriguez,ochase@example.com,935-630-3943,female,35,Web Developer,12,12000,Product
Anthony,Lee,katherinegonzales@example.com,802-339-6011,male,40,Web Developer,15,14500,Product
Allison,Hill,lknight@example.com,(557)578-5908x73693,male,38,DevOps Engineer,12,15000,Product
Ronald,Brooks,pollarderica@example.org,3769840104,female,31,Mobile Developer,6,10000,Product
Jennifer,Horn,sweeneychristopher@example.org,234.608.2151,female,31,Designer,5,9500,Product
Maria,Williams,howardkristina@example.com,722.818.6982,male,34,HR Manager,9,9500,Human Resource
Aaron,Gutierrez,victoria66@example.net,448.244.8989x6096,female,31,Machine Learning Engineer,6,11000,Product
Loretta,Tucker,kimberly94@example.com,708-274-5998x710,female,33,Web Developer,11,10500,Product
Jerry,Kerr,alexandra08@example.net,820.617.7509,female,39,Tester,14,12000,Product
Nancy,Barrett,andrewtran@example.com,(775)527-5065x36165,male,33,Tester,7,9500,Product
Cheryl,Garcia,harmonkimberly@example.org,521-283-5257x8563,male,29,Machine Learning Engineer,3,9500,Product
Patrick,Valdez,swolf@example.net,651-269-6301x9403,male,34,Web Developer,11,12500,Product
Tiffany,Jenkins,manningpeter@example.org,2043952367,female,28,DevOps Engineer,3,8500,Product
Austin,Pena,kelleypaul@example.com,(715)924-3798x385,male,26,Web Developer,4,7000,Product
Timothy,Wade,tonynewman@example.net,965-467-3076x448,male,26,Mobile Developer,1,6500,Product
Olivia,Fields,elizabeth19@example.org,(971)794-5544x6692,male,40,DevOps Engineer,14,16000,Product
Natalie,Larsen,matthew22@example.org,(774)562-2150,female,40,Tester,15,12500,Product
Angela,Armstrong,solomonstephanie@example.com,+1-867-963-5329,female,33,Tester,8,9000,Product
Elizabeth,Mullins,matthewjohnson@example.net,001-583-465-3548,female,24,Web Developer,1,6500,Product
Mark,Lee,tkramer@example.net,253-927-3489x658,male,23,Designer,1,5500,Product
Anthony,Smith,falexander@example.net,001-274-211-3353,male,29,Web Developer,3,6500,Product
Jesse,Callahan,santanadiane@example.net,(869)776-2319,female,28,Web Developer,4,9000,Product
Deborah,Wright,keith42@example.com,965.431.3512x4984,male,28,Web Developer,5,7500,Product
Kelly,Horn,richard54@example.org,(518)980-3655x7939,female,25,Tester,2,7000,Product
Darryl,Kim,bgardner@example.net,308.489.0555x77516,male,27,Mobile Developer,2,6000,Product
Jane,Hardy,ian59@example.net,+1-723-616-5963x51352,female,32,Mobile Developer,10,11000,Product
Daniel,Little,dtucker@example.org,(335)369-9885x027,female,28,Designer,5,11500,Product
Robin,Nelson,kimchristopher@example.org,859.678.9096x4272,male,35,Designer,12,12000,Product
Lisa,Anderson,samanthaandrews@example.net,860.855.1617x67524,male,25,HR Manager,2,7000,Human Resource
Marvin,Villegas,clarkjoseph@example.net,(750)429-7297,female,41,Designer,15,16500,Product
Tina,Keller,gonzalezanthony@example.net,994.206.8998x9487,female,35,DevOps Engineer,10,12000,Product
Kathryn,Hill,carterwilliam@example.net,755-326-6160x6213,female,38,Web Developer,14,14000,Product
Alexis,Duncan,imiddleton@example.net,(734)563-5881x7032,male,32,Web Developer,10,11000,Product
Mark,Wilson,saraburke@example.net,569-392-5635x40661,male,34,Tester,12,12000,Product
Timothy,Graham,adam04@example.com,+1-717-862-8724,male,28,Tester,4,9000,Product
Deborah,Herrera,kristenmiller@example.net,633.790.5813,female,26,DevOps Engineer,4,9000,Product
Miranda,Berry,nunezthomas@example.net,(632)445-8926x851,female,35,DevOps Engineer,12,13000,Product
Jeanette,Smith,griffinmathew@example.org,001-997-698-2010x665,female,26,HR Manager,1,5500,Human Resource
Isaac,Garcia,william01@example.org,(850)489-6980x255,male,35,Machine Learning Engineer,10,10000,Product
Carolyn,Garcia,holmeslaura@example.com,(896)356-5100x575,male,35,HR Manager,12,11000,Human Resource
Antonio,Weeks,yzimmerman@example.net,287-234-0000x959,male,34,Mobile Developer,8,10000,Product
Samantha,Barrett,sherinixon@example.com,(651)586-2132x6218,female,23,Web Developer,1,5500,Product
Gloria,Medina,jennifercarter@example.org,001-831-486-4638x474,male,36,Machine Learning Engineer,14,14000,Product
Hannah,Ferrell,angela26@example.com,641-290-4482x2386,male,36,Tester,12,13000,Product
Luke,Schultz,amandaclark@example.net,411-287-6098,male,37,Mobile Developer,11,11500,Product
April,Smith,dhansen@example.com,(447)794-3864x13144,female,38,Web Developer,12,11000,Product
Scott,Garza,deborah14@example.org,748.540.1062,female,26,Web Developer,1,5500,Product
Philip,Martinez,michaelrobinson@example.net,929.227.9096x16816,male,39,Machine Learning Engineer,13,11500,Product
Sean,Hanson,ubolton@example.net,979-856-4781x48030,female,37,Tester,12,12000,Product
Abigail,Davis,tamara02@example.org,001-381-827-8640,male,31,Machine Learning Engineer,7,8500,Product
Valerie,Moore,beth96@example.net,967-930-6075x05769,male,29,Web Developer,5,7500,Product
Charles,Frye,atkinsonphillip@example.com,285.812.2525,male,33,DevOps Engineer,11,13500,Product
William,Medina,sherman@example.org,001-241-757-7028x43007,male,26,Machine Learning Engineer,2,7000,Product
Daniel,Tucker,joseph00@example.com,(849)572-5071x77321,female,38,DevOps Engineer,15,15500,Product
Brittany,Barker,curtis42@example.com,001-781-413-5093,male,38,DevOps Engineer,12,15000,Product
Alice,Sanders,tgonzalez@example.org,(862)218-2014,female,30,Machine Learning Engineer,8,9000,Product
Catherine,Lee,ronald28@example.net,581.418.7562,male,36,Designer,14,16000,Product
Charles,Roberts,ashlee07@example.com,499-733-6437x242,male,36,DevOps Engineer,13,15500,Product
Julie,Brock,zvazquez@example.net,+1-376-425-3926x52938,female,37,Web Developer,13,11500,Product
Allen,Alexander,nathaniel01@example.com,333.471.7134x35048,female,40,Tester,15,12500,Product
Holly,Fisher,conleydeborah@example.org,+1-950-360-8094x31743,male,24,DevOps Engineer,1,9500,Product
Jesus,Parrish,johnsonbrittany@example.com,(398)446-5752x62683,male,30,Mobile Developer,8,11000,Product
Julie,Hughes,melissa40@example.com,001-606-928-3489,male,36,Machine Learning Engineer,13,11500,Product
Stephen,Young,jayperez@example.org,8438928902,male,35,DevOps Engineer,13,15500,Product
Lisa,Shaw,liadam@example.com,001-338-580-5052,male,31,Tester,9,9500,Product
Jessica,White,larrymiller@example.org,+1-883-365-3791,female,27,Tester,4,7000,Product
Theresa,Scott,mitchellgray@example.org,+1-435-984-4517x1644,female,29,Tester,5,8500,Product
Hannah,Lopez,patrick52@example.com,407.557.5503x397,female,40,Mobile Developer,14,12000,Product
Michele,Smith,stephendickson@example.com,(876)228-9554,female,29,Machine Learning Engineer,7,11500,Product
Johnny,Mccarthy,richardwallace@example.net,(661)917-8754,male,26,Mobile Developer,4,8000,Product
Sandra,Fischer,herreraann@example.org,001-847-428-8531x91602,female,29,Web Developer,4,8000,Product
April,Christensen,richard93@example.org,001-467-211-6110,female,27,Mobile Developer,3,7500,Product
Daniel,Palmer,kellifisher@example.org,4604736884,male,26,Web Developer,3,8500,Product
Carrie,Wells,nicole73@example.com,001-704-222-6184x4572,female,27,Machine Learning Engineer,3,8500,Product
Michael,Lee,xcontreras@example.com,(733)857-4206x62483,male,33,Mobile Developer,11,12500,Product
Brian,Rice,mooremichael@example.net,733-246-8684,male,25,Machine Learning Engineer,2,9000,Product
Mark,Johnson,lisa06@example.com,+1-737-236-6334x81388,male,31,Machine Learning Engineer,5,7500,Product
Matthew,Gonzalez,carrollricky@example.org,215.436.5265x35068,female,32,Web Developer,8,11000,Product
Jasmine,Peters,meredithlang@example.com,001-921-526-2815,male,31,DevOps Engineer,8,12000,Product
Kristen,Beard,smithmary@example.net,447.348.9535,male,32,Web Developer,6,8000,Product
Ronnie,Pope,judy60@example.net,(535)835-8705,female,33,Web Developer,8,9000,Product
Cindy,Norman,medinamercedes@example.org,(851)669-2241,male,31,DevOps Engineer,9,11500,Product
William,Kim,robertsonjudith@example.com,+1-736-771-8909x15151,male,39,Mobile Developer,14,12000,Product
Kevin,Carrillo,daniellecarr@example.net,(267)423-1762,female,32,DevOps Engineer,10,13000,Product
Roger,Arroyo,johnnyjackson@example.net,+1-767-318-2313x373,male,40,DevOps Engineer,15,16500,Product
Sherry,Gordon,michaelweber@example.org,001-236-977-0733x34175,male,28,Mobile Developer,2,8000,Product
Joanne,Solis,rnelson@example.org,877.640.3077x7004,male,29,Mobile Developer,4,7000,Product
Laura,Cox,bradyvictoria@example.net,001-444-433-7958,female,29,Web Developer,3,7500,Product
Joanna,Hernandez,scott72@example.org,485-632-0451,male,39,Mobile Developer,15,13500,Product
Jason,Stevenson,zstrickland@example.net,001-706-967-7301,male,35,DevOps Engineer,13,14500,Product
Kristen,Johnson,whitekathleen@example.org,+1-737-957-3348x43084,female,26,Mobile Developer,3,6500,Product
Sharon,Newman,jonesjames@example.net,321-470-3062x005,female,33,DevOps Engineer,10,14000,Product
Dakota,Alexander,cynthia97@example.net,+1-852-892-9862x0904,male,33,Web Developer,11,12500,Product
David,Luna,kimberly11@example.net,757.603.8392,female,37,Web Developer,15,12500,Product
Marcia,Robinson,dcabrera@example.org,(784)652-4420x364,male,37,Mobile Developer,12,12000,Product
Deborah,Shaffer,marklandry@example.com,8132609483,male,30,Mobile Developer,5,8500,Product
David,Garcia,cmontgomery@example.org,(536)777-0498,male,34,Mobile Developer,8,11000,Product
Karen,Lopez,contrerasjohn@example.org,888.454.0415x1524,female,28,Web Developer,6,8000,Product
Jennifer,Bailey,kevin58@example.net,001-545-252-5949x6509,female,29,Mobile Developer,7,10500,Product
Holly,Russell,gthomas@example.com,644.238.1198,male,33,Web Developer,9,9500,Product
Jasmine,Aguilar,igarcia@example.org,248-908-1082x8027,female,34,DevOps Engineer,8,11000,Product
Sarah,Watkins,bryanfrank@example.org,861.813.2880x0355,female,33,DevOps Engineer,7,11500,Product
James,Lewis,donaldwilkinson@example.com,(474)858-8866,male,36,Web Developer,12,12000,Product
Victoria,Meyer,knightmatthew@example.com,536.624.8493x36040,male,27,Mobile Developer,3,8500,Product
Charles,Nelson,kendralevy@example.com,265.968.4737x998,female,27,DevOps Engineer,1,7500,Product
Ann,Clark,rossjoseph@example.net,9259500730,female,28,Web Developer,5,7500,Product
Emily,Wilson,kathleen58@example.com,+1-526-911-9707x66211,female,26,Web Developer,1,7500,Product
Benjamin,Quinn,pagejacqueline@example.net,540.296.7304x972,female,32,Mobile Developer,9,9500,Product
Emily,Martinez,amanda26@example.net,+1-953-677-6565x4170,female,36,Web Developer,10,12000,Product
Michael,Perez,cardenascrystal@example.net,001-565-622-7565x2296,female,32,Mobile Developer,9,9500,Product
Charles,Aguilar,mpittman@example.net,6677153288,female,28,Mobile Developer,4,7000,Product
Brendan,Ray,trichardson@example.com,001-363-810-4426x45022,male,23,Mobile Developer,1,5500,Product
Joseph,Stevens,iangallegos@example.net,(345)291-5088,male,27,DevOps Engineer,5,10500,Product
Katherine,Mcgee,ricardo90@example.org,+1-485-348-7982x1408,male,36,Mobile Developer,10,10000,Product
Johnny,Brown,asmith@example.com,519.343.5804,female,32,Web Developer,6,8000,Product
Teresa,Patel,williambrown@example.org,(924)800-2179,male,33,Mobile Developer,9,9500,Product
Melanie,Barnett,garciamary@example.com,353-213-7667x58281,male,28,Mobile Developer,5,9500,Product
David,Rodriguez,anthony56@example.com,(216)349-2687x2292,female,32,DevOps Engineer,9,13500,Product
Laura,Jordan,amandabeasley@example.com,745.770.4161,male,28,Web Developer,2,8000,Product
Olivia,Schultz,jennifer64@example.net,7027602514,male,29,Mobile Developer,5,7500,Product
Andrew,Tate,tcordova@example.org,219-879-2606x1967,male,39,Web Developer,14,12000,Product
James,King,mary04@example.org,9053150161,male,37,Mobile Developer,15,13500,Product
Gabriela,Shields,bakerbridget@example.net,532-345-9888x051,male,35,Web Developer,10,10000,Product
Matthew,Scott,alisonallison@example.net,+1-397-493-7503x000,male,35,Mobile Developer,11,12500,Product
Jessica,Washington,gregory05@example.com,208-901-4254x3846,male,31,Web Developer,8,11000,Product
Shawn,Lara,mmay@example.com,900.772.7943x437,female,26,Mobile Developer,1,5500,Product
Anthony,Hernandez,josephbauer@example.com,+1-714-267-4240x2673,female,30,Mobile Developer,7,10500,Product
Shannon,Jones,lindsay93@example.net,(402)941-5585x41650,female,29,Web Developer,4,9000,Product
Sergio,Savage,hayeskaren@example.com,277-646-9703x438,female,27,DevOps Engineer,4,9000,Product
Chad,Thomas,kimberly31@example.org,(910)467-6668x26697,female,28,Mobile Developer,6,9000,Product
Natasha,Padilla,stevenhunter@example.net,001-726-427-7167x360,male,37,Web Developer,11,12500,Product
Ryan,Larson,xkirk@example.net,999.977.6846,female,29,Mobile Developer,5,9500,Product
Scott,Turner,lisabailey@example.com,648-661-3631,female,29,DevOps Engineer,7,12500,Product
Sara,Dawson,jenniferenglish@example.net,624.218.2300,male,29,Mobile Developer,4,9000,Product
Nathan,Sherman,myershannah@example.org,909-338-6629x7553,male,33,Web Developer,10,11000,Product
Destiny,Hendricks,russell51@example.org,+1-511-741-3516x436,female,26,Mobile Developer,3,7500,Product
Dylan,Perkins,karenbenson@example.net,+1-768-817-6712x642,female,36,Web Developer,14,12000,Product
Emma,Moss,lee24@example.com,894.923.3804x64614,male,38,DevOps Engineer,13,15500,Product
Brandon,James,xhoffman@example.net,001-839-477-5126,male,34,Web Developer,10,12000,Product
David,Leach,kathryn11@example.com,(396)507-1342x971,female,26,Web Developer,2,8000,Product
Tina,Thompson,julie77@example.org,001-893-424-0439x940,male,28,Web Developer,2,8000,Product
Heather,Kelly,elizabeth77@example.org,(952)982-1522x01203,female,34,Mobile Developer,10,12000,Product
Gina,Wright,gordonsteven@example.org,219.979.7965x63325,female,29,Web Developer,3,6500,Product
Jeffery,Dominguez,gsimmons@example.net,001-364-935-9435,male,35,Mobile Developer,12,12000,Product
Deborah,Cook,dfoster@example.com,931-736-8820x5343,female,38,Web Developer,13,13500,Product
Katie,Gutierrez,robert56@example.org,+1-418-304-8500x6721,male,29,Web Developer,6,10000,Product
William,Weaver,gonzalesmanuel@example.org,001-663-394-7501x386,female,26,Web Developer,2,8000,Product
Chad,Schmitt,vincent81@example.com,(676)668-9810,male,25,Mobile Developer,3,7500,Product
Chad,Campbell,jonathan12@example.net,887.334.7503x6070,female,23,Mobile Developer,1,7500,Product
Joseph,Adams,dalton76@example.com,572.824.0193x95668,female,28,Web Developer,5,8500,Product
Jeffrey,Thomas,justingomez@example.org,240-714-5925,male,39,Web Developer,14,13000,Product
Sarah,Allen,xjimenez@example.net,+1-916-424-2053x86207,male,37,Mobile Developer,14,14000,Product
Tiffany,Green,nataliereed@example.net,(903)618-7831x31940,female,37,Web Developer,11,11500,Product
Diane,Conley,ucampbell@example.net,923.365.2602,male,32,Mobile Developer,6,9000,Product
Nancy,Stanley,qhill@example.org,4996470592,male,33,Mobile Developer,11,11500,Product
Brianna,Hammond,elizabethwilson@example.net,3976065520,male,38,Mobile Developer,12,12000,Product
Joseph,Kelley,alowery@example.com,001-959-683-5902x2301,female,32,Mobile Developer,10,12000,Product
Ashley,Henry,gutierrezmary@example.org,+1-638-840-2069x378,male,41,Web Developer,15,12500,Product
William,Berger,austin83@example.org,823.392.8012x8376,female,27,Mobile Developer,1,7500,Product
Edward,Lewis,ikelley@example.com,4975715934,female,28,Web Developer,3,7500,Product
Michael,Smith,sandratran@example.org,301-979-2737x5386,male,35,Web Developer,10,11000,Product
Stephanie,Morgan,nelsonerin@example.net,+1-628-438-3838x320,male,33,Mobile Developer,7,9500,Product
Lisa,Bryan,lauren08@example.org,001-301-395-1620,male,25,Mobile Developer,1,7500,Product
Alexandra,Cooper,joseph97@example.org,001-349-675-1487x2653,male,27,Mobile Developer,2,8000,Product
Joseph,Lowery,ryan59@example.com,460-835-7728,male,32,Mobile Developer,8,10000,Product
Kayla,Lopez,dsmith@example.org,661-253-7167,male,28,Web Developer,6,10000,Product
Amy,Padilla,jacob51@example.org,001-727-318-9662x7897,male,31,Web Developer,5,9500,Product
Jasmine,Goodman,hvasquez@example.net,001-662-728-8491x1787,female,37,Mobile Developer,15,14500,Product
Michael,Mayo,philip23@example.net,(771)798-6700x674,female,33,Mobile Developer,9,11500,Product
Jonathan,Brooks,tony28@example.com,701-595-6247x3175,male,36,Mobile Developer,13,12500,Product
Kayla,Scott,zmoore@example.org,(350)976-5320,male,29,Mobile Developer,3,8500,Product
Jacob,Larson,uharrison@example.com,6176314622,female,34,Web Developer,12,11000,Product
Susan,White,caseyjoshua@example.org,+1-371-742-0092x649,male,31,Mobile Developer,9,9500,Product
Brad,Wilkerson,garciabryan@example.org,260.238.5009,male,30,Web Developer,8,11000,Product
Kelly,Buchanan,chadsmith@example.org,746.502.1306x730,male,35,Web Developer,11,12500,Product
Melissa,Daugherty,barnettmonica@example.com,884-860-5149,female,23,Mobile Developer,1,7500,Product
Scott,Nguyen,briansimpson@example.org,+1-559-802-6674,female,23,Web Developer,1,6500,Product
Mary,Neal,michaelsmith@example.com,244.708.0168x485,male,26,Mobile Developer,1,5500,Product
Mercedes,Santos,garciatommy@example.org,(606)288-4236,female,25,Mobile Developer,3,6500,Product
Joel,Myers,fletchertasha@example.net,(823)540-7419x8530,female,30,Mobile Developer,4,7000,Product
James,Wallace,william47@example.com,918-967-8658,female,38,Web Developer,15,12500,Product
Thomas,Taylor,elizabethreynolds@example.net,479-855-3593,male,32,Web Developer,10,10000,Product
Daniel,Stevens,sedwards@example.com,4418358686,female,32,Web Developer,10,11000,Product
Albert,Smith,shirley96@example.net,6888434556,male,29,Mobile Developer,6,10000,Product
Jermaine,Sanford,samanthadavis@example.com,303.204.6883x727,male,29,Mobile Developer,6,8000,Product
Brenda,Howard,melanieanderson@example.com,9638968590,male,31,Web Developer,6,9000,Product
Aaron,Parks,blee@example.org,(349)601-4317,male,37,Web Developer,14,14000,Product
Katelyn,Fowler,carrrobert@example.net,(802)666-4410x91910,male,25,Web Developer,3,8500,Product
Heather,Deleon,paulasanchez@example.net,224-544-3387x4222,female,36,Mobile Developer,13,13500,Product
Nathan,Richardson,lgarza@example.org,422.266.4227x2382,male,31,Mobile Developer,5,7500,Product
Adam,Fowler,erinwhite@example.net,(349)504-9571x242,female,35,Web Developer,11,10500,Product
Jennifer,Barnett,rachellopez@example.com,722.955.8405x93550,male,32,Mobile Developer,7,9500,Product
Michael,Shelton,danielrodriguez@example.com,752-309-5579x4742,female,27,Web Developer,1,5500,Product
Alyssa,Harris,vholmes@example.org,(945)669-5177,female,29,Mobile Developer,7,9500,Product
Carol,Hernandez,cprice@example.com,(578)549-3451,male,31,Web Developer,5,9500,Product
Amber,Hernandez,orichardson@example.org,870-365-5399x921,female,38,Mobile Developer,14,12000,Product
Stephanie,Chapman,reyesstephen@example.net,001-621-260-3707x2283,male,30,Web Developer,4,7000,Product
Michelle,Wright,elizabeth61@example.org,(551)999-9804x56873,female,28,Web Developer,6,8000,Product
Scott,Ellis,vasqueztheresa@example.com,(359)586-0238,female,23,Web Developer,1,6500,Product
Keith,Roberson,juarezkathleen@example.net,(413)721-6821x335,female,29,Mobile Developer,7,8500,Product
Matthew,Bradshaw,martinezmichelle@example.org,(801)257-1045,female,36,Web Developer,12,11000,Product
Daniel,Boyd,johnsonwillie@example.org,+1-460-427-7595x4544,female,23,Mobile Developer,1,5500,Product
Brandon,Burgess,luke46@example.org,+1-258-819-1242x51840,male,34,Mobile Developer,8,10000,Product
Caleb,Ellis,traciehunt@example.net,8986162462,male,32,Web Developer,9,10500,Product
Jeffrey,Chapman,michael77@example.com,001-921-209-0079x615,male,38,Mobile Developer,15,12500,Product
Susan,Ortiz,michael70@example.com,609.617.3004,female,34,Mobile Developer,12,12000,Product
Richard,Chen,sandrawebb@example.net,001-498-362-7346,female,34,Web Developer,9,10500,Product
Diane,Hill,krystal36@example.net,001-881-641-9689x071,female,28,Mobile Developer,6,9000,Product
Timothy,Guzman,megan47@example.com,333-639-1064x79610,female,32,Web Developer,6,8000,Product
Karen,Allen,lisalee@example.net,001-298-429-9010x06292,male,25,Mobile Developer,1,6500,Product
Megan,Graves,jmonroe@example.net,258.604.5366x399,male,27,Mobile Developer,5,7500,Product
Jennifer,Wright,nhayes@example.net,882-386-2370x934,female,27,Mobile Developer,3,6500,Product
Tammy,Rosario,whitneyvelazquez@example.net,617-501-6375,male,35,Mobile Developer,9,11500,Product
Oscar,Walker,greenjennifer@example.com,377.224.3895,male,30,Web Developer,7,8500,Product
Karen,Jones,timothy94@example.com,+1-762-584-5138x0837,female,30,Web Developer,8,9000,Product
Matthew,Gomez,rojasdavid@example.com,001-232-808-0088x78500,male,26,Web Developer,2,8000,Product
David,Tucker,wheelerjudy@example.com,910.552.6775x006,female,27,Mobile Developer,2,8000,Product
Robert,Mckee,birdnicholas@example.net,(674)704-2568,male,33,Mobile Developer,7,9500,Product
Nicholas,Miller,shughes@example.com,+1-976-752-4478x74333,female,40,Web Developer,14,12000,Product
Yvonne,Norton,iwebb@example.net,497.947.0962x34425,male,36,Web Developer,12,13000,Product
Brandon,Molina,gregorytapia@example.net,001-899-491-9903x8630,male,41,Mobile Developer,15,14500,Product
Nathan,Walker,lgaines@example.com,(283)643-5268,female,27,Web Developer,3,6500,Product
Jeremy,Faulkner,fmartin@example.net,824.971.8156x9541,male,30,Web Developer,5,8500,Product
Kevin,Kelly,smithderrick@example.com,456-762-3260,male,39,Web Developer,15,14500,Product
Andrew,Mahoney,davismichael@example.org,001-792-448-0078x549,female,35,Mobile Developer,9,10500,Product
Theresa,Walker,qholloway@example.net,(548)963-8622,male,38,Web Developer,13,11500,Product
Mark,Collier,barberryan@example.net,001-330-691-3046x233,male,24,Mobile Developer,1,5500,Product
Nathan,Perkins,zwilliams@example.org,568-441-2605x33508,male,32,Mobile Developer,10,11000,Product
Sara,Johnson,umcdaniel@example.com,+1-414-654-4969,male,33,Web Developer,11,10500,Product
Kelly,Freeman,ywoodard@example.com,408-881-8727,male,28,Web Developer,6,10000,Product
Veronica,Mason,tinabaxter@example.org,(792)706-4587,female,37,Web Developer,13,12500,Product
Wendy,Henderson,owenstara@example.org,001-478-471-4244x057,female,30,Web Developer,7,8500,Product
Jenna,Martin,edwardsglenn@example.com,001-981-685-1999x38221,male,28,Web Developer,2,7000,Product
Sarah,Morales,wberger@example.com,(993)965-0189x9102,female,32,Web Developer,7,8500,Product
Jared,Flynn,qgriffith@example.com,981.432.3004,female,32,Web Developer,8,11000,Product
Parker,Blackwell,sarahmartin@example.com,552.768.8167,male,35,Web Developer,12,11000,Product
Jessica,Ramirez,keith02@example.org,216-767-5214x17919,male,32,Web Developer,8,11000,Product
Alexander,Freeman,smithjack@example.org,457-702-2612x84111,female,28,Web Developer,4,7000,Product
Donald,Lane,hmartin@example.com,(805)472-3375,male,34,Web Developer,12,12000,Product
John,Schneider,ljohnson@example.com,852.964.1997x00937,female,26,Web Developer,2,8000,Product
Robert,Martinez,ashleyreed@example.com,762-312-4623,female,26,Web Developer,4,7000,Product
Christopher,Stewart,william93@example.com,001-535-739-4451,male,25,Web Developer,3,7500,Product
Carlos,Johnson,mike35@example.org,001-823-287-3410x0335,female,26,Web Developer,1,5500,Product
April,Gallagher,anthony53@example.org,+1-936-799-6917x62097,male,34,Web Developer,12,12000,Product
Andrea,Wagner,kevin73@example.org,758-255-4293x86131,female,37,Web Developer,15,14500,Product
Alyssa,Hicks,anita10@example.com,260.839.4605x502,male,39,Web Developer,14,14000,Product
Justin,White,stephanie06@example.com,001-864-910-9913x8447,female,38,Web Developer,14,12000,Product
Sarah,Randolph,ajordan@example.com,(358)444-3644x6099,female,26,Web Developer,2,7000,Product
Steven,Garcia,bettyhubbard@example.com,6015564481,female,29,Web Developer,4,9000,Product
Austin,Fisher,alexisjohnson@example.org,228.514.7614x84515,male,34,Web Developer,11,11500,Product
Linda,Gonzalez,wberger@example.com,001-392-736-6087x9675,male,29,Web Developer,5,8500,Product
Steven,Wood,alexandraallen@example.com,+1-474-824-1333x758,female,39,Web Developer,14,13000,Product
Sara,Meyers,williamstimothy@example.net,001-481-330-0686,female,28,Web Developer,3,8500,Product
